method,budget_percent,budget_episodes,coreset_file,seed,selected_episodes,train_frames,val_frames,test_frames,best_epoch,best_val_normalized_mse,val_normalized_mse,val_normalized_action_0_mse,val_normalized_action_1_mse,val_normalized_action_2_mse,val_normalized_action_3_mse,val_normalized_action_4_mse,val_normalized_action_5_mse,val_normalized_action_6_mse,test_normalized_mse,test_normalized_action_0_mse,test_normalized_action_1_mse,test_normalized_action_2_mse,test_normalized_action_3_mse,test_normalized_action_4_mse,test_normalized_action_5_mse,test_normalized_action_6_mse,val_original_mse,val_original_action_0_mse,val_original_action_1_mse,val_original_action_2_mse,val_original_action_3_mse,val_original_action_4_mse,val_original_action_5_mse,val_original_action_6_mse,test_original_mse,test_original_action_0_mse,test_original_action_1_mse,test_original_action_2_mse,test_original_action_3_mse,test_original_action_4_mse,test_original_action_5_mse,test_original_action_6_mse
Random,2,1,data/coresets/budget_random_2pct_seed0.json,0,24,400,2000,2000,172,18.484182834625244,18.64089012145996,128.26937866210938,0.05195154249668121,0.06710906326770782,0.5321347713470459,0.2793066203594208,0.8263720273971558,0.4599791169166565,17.931840896606445,122.30195617675781,0.07804197818040848,0.15463173389434814,0.7295100092887878,0.19456985592842102,1.5385229587554932,0.5256472826004028,0.007592303212732077,7.388056837953627e-05,0.004428180865943432,0.0019953791052103043,0.001586888451129198,0.004956139717251062,0.0025330600328743458,0.03757259622216225,0.00922869611531496,7.044332596706226e-05,0.006652039475739002,0.004597716499119997,0.002175485948100686,0.003452533623203635,0.0047159879468381405,0.04293666407465935
Random,2,1,data/coresets/budget_random_2pct_seed1.json,1,8,400,2000,2000,26,12.61094331741333,12.495684623718262,1.6832880973815918,0.07901831716299057,0.12958820164203644,84.21128845214844,0.2534588575363159,0.6202992796897888,0.49285680055618286,5.720019817352295,1.6543700695037842,0.16046808660030365,0.27660390734672546,36.90987777709961,0.17571809887886047,0.3441534638404846,0.5189459919929504,0.010494619607925415,0.00010777895658975467,0.006172848399728537,0.0035413186997175217,0.004986342508345842,0.006562270689755678,0.007711048237979412,0.044380735605955124,0.011134827509522438,0.0001059273854480125,0.012535649351775646,0.00755890179425478,0.002185518154874444,0.004549497272819281,0.004278241191059351,0.04673006013035774
Random,2,1,data/coresets/budget_random_2pct_seed2.json,2,3,400,2000,2000,1,761.7986755371094,769.3328857421875,5369.01708984375,1.206977128982544,1.4840145111083984,9.089103698730469,1.2892930507659912,2.001708507537842,1.2426410913467407,727.63720703125,5082.841796875,1.271536111831665,1.0602844953536987,4.002015113830566,1.29121732711792,1.7328522205352783,1.261375069618225,0.03497191146016121,0.00021722278324887156,0.0811399444937706,0.033609870821237564,0.004882460460066795,0.01771351508796215,0.01215026993304491,0.09509009122848511,0.03380439803004265,0.00020564674923662096,0.08548002690076828,0.024013249203562737,0.002149792155250907,0.01773993857204914,0.010518329218029976,0.09652382135391235
Random,2,1,data/coresets/budget_random_2pct_seed3.json,3,15,400,2000,2000,9,2.5975877046585083,2.610424518585205,13.911089897155762,0.17617718875408173,0.2907315790653229,2.5133848190307617,0.23703192174434662,0.5414609909057617,0.6030958294868469,2.410876989364624,13.568305015563965,0.24097824096679688,0.41193756461143494,1.110146403312683,0.24796266853809357,0.7840044498443604,0.5128032565116882,0.01409447006881237,0.00024304581165779382,0.014432701282203197,0.008016826584935188,0.003005770966410637,0.0048183719627559185,0.0025040153414011,0.06564056128263474,0.01387777365744114,0.00023705742205493152,0.019741296768188477,0.011359035037457943,0.001327631063759327,0.005040556658059359,0.003625668818131089,0.055813174694776535
Random,2,1,data/coresets/budget_random_2pct_seed4.json,4,15,400,2000,2000,18,2.5119199752807617,2.5258700847625732,14.594720840454102,0.11096377670764923,0.14134137332439423,1.6452691555023193,0.23732805252075195,0.5041566491127014,0.447313517332077,2.4220192432403564,14.327348709106445,0.1852899044752121,0.2470964640378952,0.891705334186554,0.21907742321491241,0.6820425391197205,0.4015730321407318,0.010150216519832611,0.00025498963077552617,0.009090310893952847,0.0038974371273070574,0.001967586111277342,0.004824396222829819,0.002331499243155122,0.04868529736995697,0.010660573840141296,0.0002503185532987118,0.01517922431230545,0.006813601590692997,0.0010663964785635471,0.004453385714441538,0.0031541420612484217,0.043706949800252914
PC-RAS,2,1,data/coresets/budget_pc_ras_2pct_top1.json,0,36,400,2000,2000,19,0.4859890788793564,0.48436614871025085,0.7856623530387878,0.11141155660152435,0.23103538155555725,0.6193840503692627,0.19867919385433197,0.8877760767936707,0.5566142797470093,0.6876886487007141,0.7635207772254944,0.16634875535964966,0.3107253909111023,0.9321449995040894,0.1888391226530075,1.7400243282318115,0.7122169733047485,0.009546177461743355,0.00016759539721533656,0.007950597442686558,0.004564439877867699,0.002463866723701358,0.0036174210254102945,0.003021335694938898,0.04503798857331276,0.012695609591901302,0.0001628722093300894,0.011871077120304108,0.00613882252946496,0.0037080137990415096,0.003438255749642849,0.005921763833612204,0.057628460228443146
PC-RAS,2,1,data/coresets/budget_pc_ras_2pct_top1.json,1,36,400,2000,2000,104,0.4660241901874542,0.4649598300457001,1.007285475730896,0.06650345027446747,0.15672516822814941,0.5039687752723694,0.15791131556034088,1.0302680730819702,0.33205655217170715,0.7227274775505066,1.0131654739379883,0.10248283296823502,0.18293805420398712,0.8513282537460327,0.12697766721248627,2.0703787803649902,0.7118216156959534,0.006187328137457371,0.00021487157209776342,0.004745855927467346,0.003096332773566246,0.002004758920520544,0.0028751445934176445,0.0035062662791460752,0.026868067681789398,0.011640685610473156,0.00021612620912492275,0.0073134456761181355,0.0036142030730843544,0.0033865300938487053,0.0023119263350963593,0.007046045735478401,0.05759652331471443
PC-RAS,2,1,data/coresets/budget_pc_ras_2pct_top1.json,2,36,400,2000,2000,48,0.47804203629493713,0.4770973026752472,0.8701854944229126,0.08848533779382706,0.16426770389080048,0.6171355247497559,0.15184232592582703,1.045650839805603,0.40211382508277893,0.7231566309928894,0.8360488414764404,0.1477435827255249,0.2227928191423416,0.951938807964325,0.13644033670425415,2.0798559188842773,0.687276303768158,0.007294334005564451,0.00018562590412329882,0.006314547266811132,0.003245340194553137,0.0024549250956624746,0.002764643169939518,0.0035586217418313026,0.03253663331270218,0.012011830694973469,0.00017834396567195654,0.010543359443545341,0.004401579964905977,0.0037867582868784666,0.002484216820448637,0.007078301627188921,0.05561025068163872
PC-RAS,2,1,data/coresets/budget_pc_ras_2pct_top1.json,3,36,400,2000,2000,112,0.46891017258167267,0.46790507435798645,0.9736625552177429,0.07305403798818588,0.1521822065114975,0.5110887885093689,0.15508955717086792,1.0641117095947266,0.34614667296409607,0.7255918383598328,0.9562727212905884,0.10664556175470352,0.1805240660905838,0.8586266040802002,0.12452560663223267,2.117583751678467,0.7349646687507629,0.006416296120733023,0.00020769948605448008,0.005213328171521425,0.0030065765604376793,0.0020330785773694515,0.0028237656224519014,0.003621447365731001,0.02800818160176277,0.01196281611919403,0.00020398948981892318,0.007610507775098085,0.0035665121395140886,0.003415569430217147,0.002267280826345086,0.007206690032035112,0.05946916341781616
PC-RAS,2,1,data/coresets/budget_pc_ras_2pct_top1.json,4,36,400,2000,2000,20,0.48963762819767,0.4878503382205963,0.7923459410667419,0.11377102881669998,0.24088621139526367,0.6219618916511536,0.19384828209877014,0.9371836185455322,0.514955461025238,0.6971830129623413,0.7911900877952576,0.1741034984588623,0.2718186378479004,0.9363207221031189,0.15265746414661407,1.91078519821167,0.6434054970741272,0.009129616431891918,0.000169021324836649,0.00811898335814476,0.004759037401527166,0.0024741273373365402,0.0035294611006975174,0.003189476439729333,0.041667211800813675,0.011861567385494709,0.00016877465532161295,0.012424471788108349,0.005370154045522213,0.0037246241699904203,0.002779486123472452,0.006502904463559389,0.052060555666685104
Random,5,2,data/coresets/budget_random_5pct_seed0.json,0,24 26,800,2000,2000,62,0.5350332409143448,0.5365023016929626,1.800682544708252,0.04515375196933746,0.07311204075813293,0.4887203872203827,0.1800784021615982,0.7591585516929626,0.4086105227470398,0.6518054008483887,1.5128613710403442,0.09807471930980682,0.16336652636528015,0.7006551027297974,0.09280265867710114,1.4497084617614746,0.5451689958572388,0.007543250918388367,0.00013390100502874702,0.004265139810740948,0.0021469267085194588,0.0015589460963383317,0.003809383837506175,0.0024358807131648064,0.03845257684588432,0.010618148371577263,0.0001124985865317285,0.009263955056667328,0.004797228146344423,0.002234985586255789,0.00196314905770123,0.004651612136512995,0.05130361020565033
Random,5,2,data/coresets/budget_random_5pct_seed1.json,1,8 36,800,2000,2000,31,0.32940614223480225,0.32858720421791077,0.6743161678314209,0.07276196777820587,0.11841212958097458,0.5573405027389526,0.18684087693691254,0.22984468936920166,0.4605940282344818,0.3259293735027313,0.5996402502059937,0.1451539695262909,0.21881167590618134,0.4091101288795471,0.12961643934249878,0.2953639328479767,0.483809232711792,0.008135749027132988,0.00010121543891727924,0.005494181998074055,0.0028418698348104954,0.0018112834077328444,0.004162627272307873,0.002339488361030817,0.04019957780838013,0.009393034502863884,9.000660793390125e-05,0.010960422456264496,0.005251447670161724,0.001329556223936379,0.0028877262957394123,0.003006379120051861,0.04222569614648819
Random,5,2,data/coresets/budget_random_5pct_seed2.json,2,3 5,800,2000,2000,15,1.2829972505569458,1.274932622909546,1.2387969493865967,0.1295529007911682,0.14326001703739166,6.090980529785156,0.29430338740348816,0.5051678419113159,0.5224666595458984,0.7559311985969543,1.2640531063079834,0.10766007751226425,0.272208571434021,2.6480460166931152,0.23489050567150116,0.34880468249320984,0.41585540771484375,0.011943324469029903,0.00015073674148879945,0.009417299181222916,0.0035189432092010975,0.003930197563022375,0.003586054313927889,0.0039754887111485004,0.05902455002069473,0.009851730428636074,0.00015381042612716556,0.007825890555977821,0.006686348933726549,0.0017086463049054146,0.0028621095698326826,0.002744966885074973,0.046980343759059906
Random,5,2,data/coresets/budget_random_5pct_seed3.json,3,15 37,800,2000,2000,26,0.4486636817455292,0.4476730525493622,1.0887056589126587,0.07941846549510956,0.10961638391017914,0.6794566512107849,0.20910492539405823,0.5790852904319763,0.38832366466522217,0.47987350821495056,0.9939744472503662,0.14606641232967377,0.20776277780532837,0.5576614141464233,0.15485408902168274,0.9437987208366394,0.35499677062034607,0.009634832851588726,0.00010339108121115714,0.007600081153213978,0.003401131834834814,0.0018393169157207012,0.004636992700397968,0.0021402863785624504,0.04772263392806053,0.010368214920163155,9.439474524697289e-05,0.013978041708469391,0.006446390878409147,0.0015096089337021112,0.0034339595586061478,0.003488264512270689,0.043626848608255386
Random,5,2,data/coresets/budget_random_5pct_seed4.json,4,15 19,800,2000,2000,47,0.5709778964519501,0.5733561515808105,2.3978140354156494,0.041741348803043365,0.08345320075750351,0.6393871307373047,0.17737960815429688,0.30155396461486816,0.3721635937690735,0.5796718001365662,2.2657268047332764,0.07197560369968414,0.10863209515810013,0.6523976922035217,0.20114827156066895,0.3487347960472107,0.40908700227737427,0.006329793017357588,0.00016318581765517592,0.0033132846001535654,0.0021666630636900663,0.0014351292047649622,0.003795239143073559,0.0018331363098695874,0.0316019132733345,0.007330440450459719,0.00015419640112668276,0.005713179707527161,0.002820367459207773,0.0014643322210758924,0.004303801339119673,0.002119947224855423,0.03473725914955139
PC-RAS,5,2,data/coresets/budget_pc_ras_5pct_top2.json,0,36 20,800,2000,2000,17,0.38592223823070526,0.38488245010375977,0.9450731873512268,0.05492551252245903,0.1088380441069603,0.4846610426902771,0.18397080898284912,0.4020083546638489,0.5147001147270203,0.5073911547660828,0.9629441499710083,0.11944582313299179,0.20720547437667847,0.5918061137199402,0.16876967251300812,0.8506391644477844,0.6509280204772949,0.009240737184882164,0.00013834558194503188,0.004813353065401316,0.002906220266595483,0.001718936488032341,0.005356869660317898,0.0023861252702772617,0.04736530780792236,0.012586464174091816,0.00014096182712819427,0.01046753115952015,0.005532860290259123,0.002098948461934924,0.004914250690490007,0.005048984661698341,0.05990171432495117
PC-RAS,5,2,data/coresets/budget_pc_ras_5pct_top2.json,1,36 20,800,2000,2000,59,0.38631467521190643,0.38506415486335754,1.1731719970703125,0.04981455206871033,0.05396454781293869,0.4717669188976288,0.17539654672145844,0.439594566822052,0.3317398428916931,0.5446006059646606,1.2426337003707886,0.11583857983350754,0.13718688488006592,0.7448583245277405,0.1078929752111435,0.9528917670249939,0.5109020471572876,0.006556598003953695,0.00017173614469356835,0.004365449771285057,0.0014409763971343637,0.001673202496021986,0.00510719558224082,0.0026092184707522392,0.03052840754389763,0.010350235737860203,0.00018190448463428766,0.010151412338018417,0.003663203213363886,0.002641771687194705,0.0031416346319019794,0.0056559015065431595,0.04701582342386246
PC-RAS,5,2,data/coresets/budget_pc_ras_5pct_top2.json,2,36 20,800,2000,2000,8,0.37937985360622406,0.3782398998737335,0.6814781427383423,0.11187247186899185,0.13823163509368896,0.48545634746551514,0.22095619142055511,0.4551033675670624,0.5545811057090759,0.4585270881652832,0.6828254461288452,0.2088623195886612,0.2160591036081314,0.427496999502182,0.19009245932102203,0.8274022936820984,0.6569509506225586,0.010783853009343147,9.975922876037657e-05,0.009803843684494495,0.003691096557304263,0.0017217578133568168,0.0064338198862969875,0.0027012722566723824,0.05103542283177376,0.013798721134662628,9.995625441661105e-05,0.01830347627401352,0.005769267212599516,0.0015161935007199645,0.00553513178601861,0.004911052528768778,0.06045597046613693
PC-RAS,5,2,data/coresets/budget_pc_ras_5pct_top2.json,3,36 20,800,2000,2000,22,0.3936094492673874,0.39249423146247864,0.9123976826667786,0.07475852966308594,0.10260345786809921,0.4903971552848816,0.19434607028961182,0.45773541927337646,0.515221357345581,0.4868016242980957,0.9372437000274658,0.15504315495491028,0.2042149007320404,0.5190727710723877,0.13980253040790558,0.8734827637672424,0.5787515640258789,0.009564722888171673,0.00013356258568819612,0.006551396567374468,0.0027397440280765295,0.0017392785521224141,0.005658977199345827,0.0027168907690793276,0.047413215041160583,0.011933323927223682,0.00013719976413995028,0.013587083667516708,0.005453003104776144,0.0018409823533147573,0.004070772789418697,0.005184559617191553,0.05325966328382492
PC-RAS,5,2,data/coresets/budget_pc_ras_5pct_top2.json,4,36 20,800,2000,2000,17,0.3919734060764313,0.39043593406677246,0.8864421248435974,0.07701215893030167,0.11194321513175964,0.4796755909919739,0.24728693068027496,0.4089907705783844,0.5217007994651794,0.5009081363677979,0.9161128401756287,0.1429404318332672,0.22768205404281616,0.6375121474266052,0.17868788540363312,0.7972408533096313,0.6061808466911316,0.009886662475764751,0.00012976313882973045,0.0067488872446119785,0.0029891375452280045,0.0017012525349855423,0.007200523745268583,0.002427571453154087,0.04800950735807419,0.012388593517243862,0.0001341064926236868,0.012526446022093296,0.006079628132283688,0.0022610484156757593,0.005203036591410637,0.004732029512524605,0.05578386038541794
Random,10,4,data/coresets/budget_random_10pct_seed0.json,0,2 16 24 26,1600,2000,2000,39,0.5793516635894775,0.5817365646362305,2.548323154449463,0.029326552525162697,0.03286033123731613,0.5740744471549988,0.17765387892723083,0.37411588430404663,0.3358018100261688,0.5986183285713196,2.172057628631592,0.07575458288192749,0.13856925070285797,0.7198348045349121,0.07123052328824997,0.6412184834480286,0.37166285514831543,0.006220992188900709,0.00015946450002957135,0.0029513223562389612,0.001018526148982346,0.0014346190728247166,0.004322669934481382,0.0019109169952571392,0.031749427318573,0.007714561652392149,0.0001359188463538885,0.007623669691383839,0.004295044112950563,0.001798874931409955,0.0017331786220893264,0.0032752365805208683,0.035140007734298706
Random,10,4,data/coresets/budget_random_10pct_seed1.json,1,4 8 16 36,1600,2000,2000,26,0.3853845000267029,0.3854711949825287,1.017909288406372,0.04659101366996765,0.05975393205881119,0.7851729989051819,0.19855909049510956,0.2509884238243103,0.33932384848594666,0.33020663261413574,0.8081861734390259,0.06628326326608658,0.12986567616462708,0.5516955852508545,0.09453202784061432,0.2667168974876404,0.39416664838790894,0.0064196460880339146,0.000145642101415433,0.0038064324762672186,0.00145314063411206,0.0017489707097411156,0.0042487140744924545,0.002328860107809305,0.031205762177705765,0.007237848825752735,0.00011563501902855933,0.00541526498273015,0.0031581667717546225,0.0012288998113945127,0.0020227651111781597,0.0024747971910983324,0.03624941408634186
Random,10,4,data/coresets/budget_random_10pct_seed2.json,2,3 5 10 23,1600,2000,2000,41,1.4602308571338654,1.4478540420532227,0.9700842499732971,0.05205204337835312,0.06878145784139633,8.201292037963867,0.2995123863220215,0.3113473653793335,0.23190876841545105,0.7647591829299927,1.2295809984207153,0.08072715997695923,0.08993805199861526,3.27256441116333,0.15152843296527863,0.2252729833126068,0.30370214581489563,0.005963961128145456,0.00012169926048954949,0.004219223279505968,0.0019690324552357197,0.003385595977306366,0.0048403325490653515,0.0032699531875550747,0.0239418875426054,0.006684553809463978,0.00015425385208800435,0.006543559022247791,0.0025746882893145084,0.0013509546406567097,0.0024488051421940327,0.002365946536883712,0.0313536711037159
Random,10,4,data/coresets/budget_random_10pct_seed3.json,3,8 15 34 37,1600,2000,2000,39,0.37574194371700287,0.37494733929634094,1.089329719543457,0.04303640499711037,0.048476237803697586,0.7512118816375732,0.17515715956687927,0.27758073806762695,0.23983941972255707,0.3089280426502228,0.8431119322776794,0.05695762485265732,0.11082211136817932,0.5014002919197083,0.08575020730495453,0.2809202969074249,0.28353384137153625,0.005838870070874691,0.00010147943976335227,0.0038120553363114595,0.0014130232157185674,0.0016172063769772649,0.004081432707607746,0.00203663669526577,0.02781025692820549,0.006624212022870779,7.854236173443496e-05,0.00504515552893281,0.003230329602956772,0.0010794121772050858,0.001998110208660364,0.002061134669929743,0.03287680074572563
Random,10,4,data/coresets/budget_random_10pct_seed4.json,4,6 15 19 25,1600,2000,2000,31,0.4543960690498352,0.45576295256614685,1.5800238847732544,0.03585555776953697,0.05727946758270264,0.8127099871635437,0.15489427745342255,0.22794586420059204,0.32163164019584656,0.38972949981689453,1.211825966835022,0.08379893749952316,0.10464281588792801,0.5787575244903564,0.1646164357662201,0.22407032549381256,0.3603944182395935,0.0058311522006988525,0.00013135009794496,0.0028288287576287985,0.0013453668216243386,0.0015091599198058248,0.004031125456094742,0.002050852170214057,0.028921382501721382,0.006993089336901903,0.0001007410028250888,0.006611310876905918,0.0024578256998211145,0.0010747237829491496,0.004284138325601816,0.002015988575294614,0.032406896352767944
PC-RAS,10,4,data/coresets/budget_pc_ras_10pct_top4.json,0,36 20 6 30,1600,2000,2000,41,0.36705513298511505,0.3659047782421112,1.101280689239502,0.037904009222984314,0.03823089972138405,0.5808244943618774,0.22693485021591187,0.26294466853141785,0.3132137954235077,0.3566335141658783,1.115360140800476,0.09608523547649384,0.10410099476575851,0.41315099596977234,0.15574604272842407,0.27780017256736755,0.3341914415359497,0.005986115895211697,0.00012423057341948152,0.0031164945103228092,0.0009675364126451313,0.0014733728021383286,0.005469484254717827,0.002144227270036936,0.02860746718943119,0.0068930285051465034,0.00012581863848026842,0.007900192402303219,0.0026345655787736177,0.0010480349883437157,0.003753731492906809,0.0022653676569461823,0.03052349016070366
PC-RAS,10,4,data/coresets/budget_pc_ras_10pct_top4.json,1,36 20 6 30,1600,2000,2000,38,0.3659077286720276,0.36542534828186035,1.1706490516662598,0.028770601376891136,0.03760499879717827,0.5583325028419495,0.21214142441749573,0.2615964412689209,0.2888822853565216,0.3657659590244293,1.1777089834213257,0.0688752606511116,0.10823594778776169,0.4484807252883911,0.13100697100162506,0.31026792526245117,0.315785676240921,0.005499560851603746,0.0001320553565165028,0.0023655383847653866,0.0009516977006569505,0.001416316838003695,0.005112954881042242,0.00213323044590652,0.02638513408601284,0.006314661353826523,0.00013285197201184928,0.005662970710545778,0.0027392038609832525,0.0011376581387594342,0.003157472237944603,0.002530128927901387,0.028842343017458916
PC-RAS,10,4,data/coresets/budget_pc_ras_10pct_top4.json,2,36 20 6 30,1600,2000,2000,39,0.3714323341846466,0.3708406984806061,1.1635507345199585,0.03476017341017723,0.03753776103258133,0.5767121911048889,0.20294198393821716,0.26446154713630676,0.3159205913543701,0.3687002956867218,1.2178349494934082,0.07722633332014084,0.12025200575590134,0.4435482621192932,0.1412183791399002,0.2829662561416626,0.2978557348251343,0.0059006731025874615,0.0001312547829002142,0.0028580008074641228,0.0009499965235590935,0.0014629416400566697,0.004891225602477789,0.0021565963979810476,0.028854696080088615,0.00622446509078145,0.00013737825793214142,0.006349600851535797,0.003043309785425663,0.0011251452378928661,0.0034035907592624426,0.002307494170963764,0.027204738929867744
PC-RAS,10,4,data/coresets/budget_pc_ras_10pct_top4.json,3,36 20 6 30,1600,2000,2000,46,0.3640580475330353,0.3630416691303253,1.1074062585830688,0.026826856657862663,0.040145110338926315,0.56797194480896,0.21557433903217316,0.2672012746334076,0.3161659240722656,0.35762667655944824,1.1194226741790771,0.06389692425727844,0.12966172397136688,0.4385296702384949,0.14013555645942688,0.27461063861846924,0.33712974190711975,0.005862742196768522,0.00012492154201027006,0.002205723198130727,0.0010159837547689676,0.0014407698763534427,0.005195688921958208,0.0021789378952234983,0.028877168893814087,0.006597501691430807,0.00012627686373889446,0.005253648851066828,0.003281442215666175,0.0011124138254672289,0.003377496497705579,0.002239363268017769,0.03079187124967575
PC-RAS,10,4,data/coresets/budget_pc_ras_10pct_top4.json,4,36 20 6 30,1600,2000,2000,77,0.351678267121315,0.35064074397087097,1.1572195291519165,0.021744390949606895,0.03575814515352249,0.5071017146110535,0.1848045438528061,0.2648983299732208,0.2829585671424866,0.3450334072113037,1.1771703958511353,0.052689820528030396,0.10771159827709198,0.4676245152950287,0.10469748079776764,0.2561086118221283,0.24923156201839447,0.005224006716161966,0.00013054053124506027,0.0017878375947475433,0.0009049589280039072,0.0012863596202805638,0.004454087931662798,0.0021601549815386534,0.02584410458803177,0.005107519682496786,0.00013279127597343177,0.0043321880511939526,0.002725940430536866,0.0011862190440297127,0.002523376839235425,0.0020884843543171883,0.022763637825846672
Random,20,8,data/coresets/budget_random_20pct_seed0.json,0,2 16 19 24 25 26 31 32,3200,2000,2000,14,0.4320770353078842,0.43290314078330994,1.4024438858032227,0.06686634570360184,0.04265821352601051,0.673740804195404,0.24787981808185577,0.2847787141799927,0.31195443868637085,0.4469609260559082,1.0476462841033936,0.1361483484506607,0.15103232860565186,0.6988317370414734,0.17377470433712006,0.5453901886940002,0.37590283155441284,0.0063468338921666145,0.00013658899115398526,0.006294570863246918,0.0011942451819777489,0.0017375464085489511,0.0067352792248129845,0.0019511226564645767,0.026378484442830086,0.008456193841993809,0.00010203370766248554,0.012816520407795906,0.004228249192237854,0.0018022548174485564,0.004721737466752529,0.0037366668693721294,0.03178589046001434
Random,20,8,data/coresets/budget_random_20pct_seed1.json,1,4 7 8 16 28 30 31 36,3200,2000,2000,16,0.35115502774715424,0.3509165346622467,0.999817430973053,0.03865618258714676,0.058254607021808624,0.6378595232963562,0.19806501269340515,0.23832756280899048,0.2854353189468384,0.37054643034935,0.8979979753494263,0.04513908177614212,0.09421143680810928,0.579106867313385,0.09277123212814331,0.4374997913837433,0.44709864258766174,0.005288545973598957,0.00011424363765399903,0.003263211576268077,0.0015043684979900718,0.0013671193737536669,0.00430153775960207,0.0017433277098461986,0.024726014584302902,0.0073617687448859215,0.00010260925773764029,0.0038104720879346132,0.002432915847748518,0.0012411954812705517,0.0020147832110524178,0.0032002360094338655,0.03873016685247421
Random,20,8,data/coresets/budget_random_20pct_seed2.json,2,3 5 10 13 16 19 23 38,3200,2000,2000,32,0.3238208293914795,0.3234233856201172,0.7261744737625122,0.026670541614294052,0.047110553830862045,0.8852660059928894,0.16717350482940674,0.23325859010219574,0.17831023037433624,0.33348068594932556,0.8634121417999268,0.04440904036164284,0.07754413038492203,0.714716911315918,0.11384972184896469,0.25864386558532715,0.26178884506225586,0.0038304398767650127,8.033848280319944e-05,0.0022337420377880335,0.0012289141304790974,0.0015091138193383813,0.0031702208798378706,0.002138983691111207,0.016451764851808548,0.00510582746937871,9.552152187097818e-05,0.0037194055039435625,0.0020227956119924784,0.0012183808721601963,0.0021590115502476692,0.0023717638105154037,0.02415391616523266
Random,20,8,data/coresets/budget_random_20pct_seed3.json,3,0 4 8 15 23 30 34 37,3200,2000,2000,22,0.30686933547258377,0.30509668588638306,0.6784654855728149,0.04068867862224579,0.034948334097862244,0.743067741394043,0.17684803903102875,0.250791996717453,0.21086660027503967,0.3303011953830719,0.8771219253540039,0.03880453109741211,0.08961492776870728,0.5932557582855225,0.09495043754577637,0.3288005590438843,0.28956010937690735,0.004826061427593231,7.028321851976216e-05,0.0034375390969216824,0.0010404735803604126,0.0014435669872909784,0.0034635518677532673,0.0021627487149089575,0.022164268419146538,0.00604579271748662,9.086231875699013e-05,0.003278365358710289,0.0026679993607103825,0.0011525244917720556,0.0018595948349684477,0.0028354681562632322,0.03043573535978794
Random,20,8,data/coresets/budget_random_20pct_seed4.json,4,4 5 6 9 15 19 25 30,3200,2000,2000,16,0.5207305550575256,0.5205235481262207,1.3539127111434937,0.04696211218833923,0.07192379236221313,1.4385392665863037,0.2338036596775055,0.2680455446243286,0.23047788441181183,0.405651718378067,1.1924880743026733,0.038506701588630676,0.09069768339395523,0.7825100421905518,0.19593507051467896,0.24392354488372803,0.2955007255077362,0.005329142790287733,0.00010865276271943003,0.0038163659628480673,0.0018077755812555552,0.0020559709519147873,0.005149125121533871,0.0023778437171131372,0.021988265216350555,0.005899075418710709,9.569808025844395e-05,0.003129236400127411,0.002279647858813405,0.0011183704482391477,0.00431513087823987,0.002163857454434037,0.028191586956381798
PC-RAS,20,8,data/coresets/budget_pc_ras_20pct_top8.json,0,36 20 6 30 18 21 2 25,3200,2000,2000,76,0.2992555648088455,0.2975054681301117,0.8468814492225647,0.030828412622213364,0.034822896122932434,0.5395100116729736,0.16110661625862122,0.25997689366340637,0.20941215753555298,0.2986460328102112,0.8393056392669678,0.0675678551197052,0.07332741469144821,0.5281044840812683,0.12453474849462509,0.26113754510879517,0.1965445578098297,0.004179830197244883,9.645747195463628e-05,0.002727912738919258,0.0009363226126879454,0.0012152836425229907,0.004336519166827202,0.001958011882379651,0.017988303676247597,0.004491080064326525,9.559457976138219e-05,0.005978885106742382,0.0019716357346624136,0.001189592992886901,0.0033521046862006187,0.0019667516462504864,0.016882993280887604
PC-RAS,20,8,data/coresets/budget_pc_ras_20pct_top8.json,1,36 20 6 30 18 21 2 25,3200,2000,2000,138,0.2817205712199211,0.280040979385376,0.8138965964317322,0.021059973165392876,0.03192751109600067,0.4941420257091522,0.15057335793972015,0.24959281086921692,0.19909454882144928,0.2923324704170227,0.7979086637496948,0.05144249647855759,0.06551310420036316,0.578434944152832,0.10392875969409943,0.2664209306240082,0.1826782375574112,0.0038517985958606005,9.270077134715393e-05,0.0018635343294590712,0.0008584714378230274,0.001113091129809618,0.00405298825353384,0.001879802206531167,0.01710200123488903,0.004029036499559879,9.087975922739133e-05,0.004551988560706377,0.001761521678417921,0.001302966265939176,0.0027974615804851055,0.0020065458957105875,0.01569189317524433
PC-RAS,20,8,data/coresets/budget_pc_ras_20pct_top8.json,2,36 20 6 30 18 21 2 25,3200,2000,2000,87,0.29064058512449265,0.28890469670295715,0.8224550485610962,0.02529866062104702,0.02991642616689205,0.5108844041824341,0.15179671347141266,0.26869866251945496,0.21328292787075043,0.2980422079563141,0.822665274143219,0.056231677532196045,0.09016744047403336,0.5557688474655151,0.10732723772525787,0.26987385749816895,0.18426112830638885,0.004102555103600025,9.36753349378705e-05,0.0022386054042726755,0.0008043966954573989,0.0011508048046380281,0.004085925407707691,0.0020236980635672808,0.018320780247449875,0.004213589709252119,9.369930194225162e-05,0.004975771065801382,0.00242443336173892,0.0012519118608906865,0.002888938644900918,0.0020325493533164263,0.015827825292944908
PC-RAS,20,8,data/coresets/budget_pc_ras_20pct_top8.json,3,36 20 6 30 18 21 2 25,3200,2000,2000,77,0.2975054830312729,0.2957219183444977,0.8312970995903015,0.023749902844429016,0.03384785354137421,0.5403712391853333,0.147001713514328,0.2851535975933075,0.20863184332847595,0.30616146326065063,0.8051116466522217,0.0684504359960556,0.10300666838884354,0.564640462398529,0.10719697922468185,0.2684302031993866,0.2262938916683197,0.004049904644489288,9.468254575040191e-05,0.002101553836837411,0.000910105649381876,0.001217224751599133,0.003956864587962627,0.002147628925740719,0.017921272665262222,0.004933682736009359,9.170012344839051e-05,0.00605698162689805,0.0027696508914232254,0.001271891756914556,0.0028854277916252613,0.002021676627919078,0.019438451156020164
PC-RAS,20,8,data/coresets/budget_pc_ras_20pct_top8.json,4,36 20 6 30 18 21 2 25,3200,2000,2000,24,0.3080824315547943,0.30598878860473633,0.7667222619056702,0.02224782668054104,0.040145792067050934,0.586674153804779,0.14093436300754547,0.2892370820045471,0.2959598898887634,0.29827409982681274,0.7551623582839966,0.06374681740999222,0.07929830253124237,0.544790506362915,0.10774002224206924,0.26242318749427795,0.2747575044631958,0.005121641792356968,8.732751302886754e-05,0.0019686450250446796,0.0010794439585879445,0.0013215257786214352,0.003793541109189391,0.002178383059799671,0.025422625243663788,0.005366283003240824,8.601094305049628e-05,0.005640770774334669,0.0021321827080100775,0.001227178960107267,0.002900045830756426,0.001976431580260396,0.023601360619068146
